PR_NAME,
359 697 1031 743,
360 744 1031 795,
360 796 1031 851,
360 851 1031 899,
361 903 1031 952,
361 954 1031 1005,
361 1006 1032 1059,
361 1059 1032 1112,
362 1112 1032 1162,
362 1165 1032 1212,
362 1216 1032 1267,
363 1270 1032 1318,
363 1319 1033 1371,
363 1372 1033 1424,
363 1424 1033 1471,
364 1474 1033 1524,
364 1527 1033 1578,
364 1579 1033 1631,
365 1632 1034 1681,
365 1683 1034 1732,
365 1734 1034 1786,
365 1786 1034 1835,
366 1838 1034 1889,
366 1893 1034 1941,
366 1942 1034 1991,
366 1994 1035 2045,
367 2049 1035 2097,
367 2099 1035 2149,
367 2154 1035 2202,
368 2205 1035 2252,
368 2255 1035 2305,
368 2307 1036 2355,
368 2358 1036 2409,
369 2411 1036 2461,
369 2465 1036 2513,
369 2515 1036 2566,
370 2567 1036 2618,
370 2619 1037 2670,
370 2670 1037 2721,
370 2723 1037 2774,
371 2777 1037 2825,
371 2825 1037 2878,
371 2878 1037 2930,
371 2931 1038 2983,
372 2983 1038 3034,
372 3035 1038 3090,
372 3092 1038 3143,
373 3143 1038 3198,
373 3198 1038 3247,
373 3247 1038 3305,
