frauds,0,838,258,1309,416,890,987,987,1042,1042,1108,1108,1176,1176,1241,1241,1293
relative,0,1329,254,1641,412,1347,1384,1384,1416,1416,1443,1443,1479,1479,1502,1502,1529,1529,1574,1574,1609
to,0,1648,245,1735,403,1665,1692,1692,1719
the,0,1735,248,1867,406,1745,1764,1764,1803,1803,1837
coin,0,1893,241,2309,399,1920,1996,1996,2062,2062,2127,2127,2240
portion,0,825,490,1016,648,841,876,876,897,897,915,915,932,932,948,948,970,970,1000
of,0,1022,499,1080,658,1030,1051,1051,1078
matter,0,1077,497,1277,655,1092,1142,1142,1174,1174,1196,1196,1211,1211,1231,1231,1261
on,0,1280,497,1354,655,1289,1310,1310,1340
which,0,1358,495,1548,653,1374,1415,1415,1448,1448,1469,1469,1493,1493,1535
such,0,1551,499,1690,657,1559,1583,1583,1614,1614,1640,1640,1680
stamp,0,1690,509,1890,667,1700,1728,1728,1743,1743,1774,1774,1832,1832,1871
has,0,1896,507,2016,665,1905,1938,1938,1973,1973,2011
been,0,2019,499,2161,657,2035,2065,2065,2089,2089,2115,2115,2154
put,0,2164,500,2316,658,2184,2221,2221,2262,2262,2309
by,0,2319,503,2383,661,2334,2359,2359,2381
such,0,2386,500,2517,658,2395,2416,2416,2446,2446,2465,2465,2503
authority,0,842,689,1101,847,842,869,869,899,899,924,924,949,949,977,977,994,994,1012,1012,1039,1039,1069
if,0,1110,689,1185,847,1124,1140,1140,1177
in,0,1187,693,1253,851,1192,1210,1210,1245
a,0,1261,702,1312,860,1270,1294
word,0,1319,697,1470,855,1322,1367,1367,1389,1389,1413,1413,1450
he,0,1471,690,1550,848,1484,1517,1517,1538
either,0,1552,688,1697,846,1558,1582,1582,1603,1603,1624,1624,1645,1645,1663,1663,1688
applies,0,1711,702,1909,860,1715,1744,1744,1778,1778,1814,1814,1834,1834,1855,1855,1878,1878,1909
to,0,1923,691,1984,849,1932,1956,1956,1978
any,0,1992,711,2106,869,1997,2026,2026,2068,2068,2103
such,0,2110,678,2241,836,2120,2147,2147,2176,2176,2197,2197,2236
piece,0,2242,693,2390,851,2254,2284,2284,2303,2303,2327,2327,2350,2350,2372
a,0,2394,696,2437,854,2395,2424
do,0,2439,688,2520,846,2446,2477,2477,2499
cument,0,838,881,1053,1039,855,873,873,903,903,955,955,978,978,1013,1013,1048
purporting,0,1055,892,1339,1050,1089,1115,1115,1144,1144,1165,1165,1201,1201,1223,1223,1242,1242,1257,1257,1275,1275,1312,1312,1333
to,0,1345,890,1420,1048,1369,1389,1389,1412
have,0,1430,891,1569,1049,1440,1469,1469,1500,1500,1527,1527,1551
been,0,1577,892,1701,1050,1584,1610,1610,1633,1633,1655,1655,1686
executed,0,1712,900,1944,1058,1715,1740,1740,1776,1776,1799,1799,1818,1818,1849,1849,1868,1868,1889,1889,1930
by,0,1947,910,2010,1068,1955,1980,1980,2004
a,0,2013,911,2062,1069,2020,2044
person,0,2066,905,2230,1064,2073,2102,2102,2121,2121,2143,2143,2165,2165,2183,2183,2216
by,0,2235,904,2305,1062,2239,2271,2271,2299
whom,0,2305,902,2444,1060,2312,2348,2348,2372,2372,2394,2394,2436
it,0,2443,896,2543,1054,2460,2478,2478,2506
was,0,836,1075,953,1233,842,884,884,915,915,943
not,0,957,1074,1063,1233,965,999,999,1022,1022,1054
executed,0,1066,1082,1286,1240,1069,1090,1090,1120,1120,1136,1136,1154,1154,1183,1183,1197,1197,1215,1215,1256
or,0,1292,1092,1346,1250,1294,1318,1318,1336
alters,0,1353,1083,1505,1241,1357,1389,1389,1411,1411,1430,1430,1452,1452,1471,1471,1497
a,0,1515,1093,1561,1251,1524,1552
document,0,1566,1083,1856,1241,1574,1605,1605,1627,1627,1650,1650,1679,1679,1737,1737,1762,1762,1793,1793,1825
which,0,1858,1087,2019,1245,1858,1898,1898,1929,1929,1949,1949,1971,1971,2011
has,0,2023,1089,2141,1247,2037,2068,2068,2100,2100,2131
been,0,2145,1086,2267,1244,2150,2173,2173,2191,2191,2213,2213,2247
executed,0,2270,1070,2464,1228,2274,2297,2297,2330,2330,2351,2351,2366,2366,2398,2398,2419,2419,2439,2439,2458
by,0,2464,1081,2529,1239,2472,2494,2494,2517
the,0,834,1250,908,1408,835,850,850,874,874,895
proper,0,913,1267,1095,1425,919,958,958,980,980,1005,1005,1035,1035,1054,1054,1081
person,0,1096,1275,1311,1433,1104,1146,1146,1171,1171,1195,1195,1211,1211,1236,1236,1272
he,0,1319,1265,1388,1423,1327,1353,1353,1378
commits,0,1394,1273,1638,1431,1398,1417,1417,1436,1436,1492,1492,1544,1544,1564,1564,1585,1585,1612
in,0,1646,1278,1719,1436,1650,1669,1669,1704
either,0,1728,1275,1892,1434,1741,1761,1761,1784,1784,1801,1801,1824,1824,1846,1846,1878
case,0,1895,1288,2037,1446,1899,1919,1919,1950,1950,1981,1981,2007
a,0,2041,1284,2091,1442,2046,2073
particular,0,2093,1273,2365,1431,2099,2136,2136,2166,2166,2189,2189,2207,2207,2225,2225,2245,2245,2277,2277,2299,2299,2325,2325,2359
kind,0,2379,1263,2502,1421,2380,2405,2405,2423,2423,2460,2460,2496
of,0,829,1468,894,1626,840,859,859,882
forgery,0,910,1468,1137,1626,922,958,958,981,981,1005,1005,1025,1025,1048,1048,1072,1072,1106
the,0,1146,1461,1266,1619,1175,1200,1200,1223,1223,1245
profit,0,1270,1485,1460,1643,1281,1320,1320,1344,1344,1370,1370,1393,1393,1415,1415,1454
arises,0,1468,1482,1630,1640,1475,1506,1506,1528,1528,1548,1548,1570,1570,1593,1593,1623
from,0,1632,1495,1785,1653,1643,1678,1678,1693,1693,1716,1716,1764
the,0,1792,1477,1890,1635,1805,1824,1824,1847,1847,1873
difference,0,1893,1477,2179,1635,1907,1938,1938,1964,1964,1989,1989,2000,2000,2024,2024,2048,2048,2071,2071,2105,2105,2129,2129,2156
in,0,2183,1466,2251,1624,2191,2209,2209,2238
point,0,2252,1473,2439,1631,2263,2304,2304,2326,2326,2348,2348,2384,2384,2419
of,0,2439,1476,2515,1634,2445,2467,2467,2502
value,0,827,1671,1015,1829,835,872,872,904,904,927,927,958,958,982
between,0,1033,1676,1257,1834,1043,1065,1065,1088,1088,1110,1110,1152,1152,1171,1171,1190,1190,1224
the,0,1259,1678,1360,1836,1270,1293,1293,1315,1315,1339
counterfeit,0,1363,1695,1693,1853,1373,1390,1390,1417,1417,1458,1458,1495,1495,1515,1515,1538,1538,1563,1563,1585,1585,1609,1609,1630,1630,1663
or,0,1693,1695,1750,1853,1695,1719,1719,1749
diminished,0,1756,1677,2069,1835,1768,1799,1799,1818,1818,1862,1862,1883,1883,1921,1921,1945,1945,1974,1974,2006,2006,2032,2032,2063
coin,0,2083,1680,2247,1838,2101,2141,2141,2161,2161,2183,2183,2222
and,0,2256,1672,2375,1830,2261,2295,2295,2336,2336,2368
the,0,2387,1660,2503,1818,2401,2422,2422,2447,2447,2475
genuine,0,792,1885,1086,2043,830,865,865,893,893,928,928,963,963,992,992,1031,1031,1061
or,0,1096,1885,1162,2043,1100,1127,1127,1158
entire,0,1171,1880,1361,2038,1178,1200,1200,1241,1241,1265,1265,1284,1284,1311,1311,1338
for,0,1365,1893,1486,2051,1376,1411,1411,1436,1436,1466
which,0,1491,1874,1671,2032,1496,1548,1548,1576,1576,1594,1594,1617,1617,1658
it,0,1679,1871,1766,2029,1691,1712,1712,1749
is,0,1770,1876,1844,2034,1781,1800,1800,1827
intended,0,1847,1871,2086,2029,1852,1879,1879,1911,1911,1930,1930,1953,1953,1988,1988,2021,2021,2045,2045,2079
to,0,2087,1864,2163,2022,2113,2131,2131,2155
be,0,2164,1860,2252,2018,2188,2215,2215,2241
passed,0,2243,1879,2450,2037,2257,2297,2297,2328,2328,2349,2349,2371,2371,2391,2391,2427
this,0,1040,2116,1184,2274,1066,1102,1102,1132,1132,1154,1154,1180
offence,0,1191,2133,1383,2292,1208,1230,1230,1245,1245,1259,1259,1282,1282,1319,1319,1338,1338,1363
has,0,1394,2127,1502,2285,1399,1430,1430,1461,1461,1494
commonly,0,1520,2135,1791,2293,1520,1543,1543,1570,1570,1619,1619,1672,1672,1697,1697,1732,1732,1758,1758,1786
been,0,1812,2123,1945,2281,1819,1846,1846,1870,1870,1896,1896,1933
stiled,0,1967,2119,2133,2278,1969,1998,1998,2014,2014,2032,2032,2057,2057,2079,2079,2122
treason,0,2148,2122,2373,2280,2163,2187,2187,2208,2208,2234,2234,2264,2264,2296,2296,2318,2318,2354
and,0,2380,2124,2504,2282,2382,2417,2417,2458,2458,2496
in,0,831,2310,898,2468,840,857,857,885
many,0,913,2329,1088,2487,921,976,976,1009,1009,1051,1051,1083
respects,0,1096,2327,1329,2485,1109,1130,1130,1159,1159,1182,1182,1206,1206,1230,1230,1257,1257,1287,1287,1314
treated,0,1340,2323,1572,2481,1354,1385,1385,1409,1409,1437,1437,1466,1466,1489,1489,1514,1514,1563
as,0,1582,2332,1653,2490,1582,1612,1612,1647
if,0,1660,2332,1744,2490,1674,1698,1698,1742
it,0,1747,2316,1829,2474,1750,1772,1772,1810
were,0,1832,2327,1964,2485,1832,1871,1871,1897,1897,1921,1921,1951
so,0,1967,2326,2058,2484,1976,2006,2006,2034
but,0,2084,2311,2234,2470,2095,2153,2153,2185,2185,2223
with,0,2235,2315,2351,2473,2235,2267,2267,2288,2288,2307,2307,2332
as,0,2347,2330,2412,2488,2351,2376,2376,2404
much,0,2415,2328,2551,2486,2419,2460,2460,2488,2488,2505,2505,2539
propriety,0,810,2506,1100,2664,835,868,868,885,885,911,911,948,948,968,968,993,993,1015,1015,1041,1041,1067
it,0,1104,2506,1169,2664,1109,1126,1126,1159
might,0,1183,2523,1388,2682,1188,1246,1246,1265,1265,1294,1294,1323,1323,1371
have,0,1392,2513,1535,2671,1403,1432,1432,1463,1463,1494,1494,1518
been,0,1543,2506,1678,2665,1552,1582,1582,1604,1604,1624,1624,1660
called,0,1691,2506,1884,2664,1703,1722,1722,1754,1754,1778,1778,1801,1801,1817,1817,1864
by,0,1891,2509,1980,2668,1908,1937,1937,1970
any,0,1987,2518,2108,2676,1992,2024,2024,2065,2065,2098
other,0,2116,2497,2257,2655,2125,2151,2151,2167,2167,2197,2197,2217,2217,2243
odious,0,2263,2488,2453,2646,2269,2295,2295,2326,2326,2348,2348,2373,2373,2412,2412,2448
name,0,832,2700,1026,2858,837,871,871,907,907,960,960,995
it,0,1035,2698,1123,2856,1056,1081,1081,1101
is,0,1129,2706,1181,2864,1131,1147,1147,1168
not,0,1190,2707,1293,2865,1194,1231,1231,1253,1253,1288
committed,0,1296,2710,1589,2868,1305,1321,1321,1343,1343,1396,1396,1452,1452,1468,1468,1491,1491,1509,1509,1526,1526,1575
with,0,1595,2709,1743,2867,1601,1644,1644,1667,1667,1691,1691,1721
the,0,1750,2711,1846,2869,1760,1778,1778,1803,1803,1825
views,0,1853,2715,2015,2873,1859,1886,1886,1908,1908,1930,1930,1973,1973,2004
nor,0,2022,2724,2119,2882,2031,2062,2062,2086,2086,2112
has,0,2126,2702,2243,2860,2140,2174,2174,2209,2209,2235
it,0,2251,2701,2314,2859,2256,2274,2274,2309
any,0,2317,2716,2408,2874,2317,2340,2340,2377,2377,2407
of,0,2412,2716,2504,2874,2427,2454,2454,2475
the,0,2469,2696,2601,2854,2469,2487,2487,2510,2510,2530
effects,0,837,2912,1028,3070,842,868,868,884,884,900,900,923,923,947,947,972,972,999
of,0,1029,2925,1102,3083,1044,1065,1065,1091
treason,0,1111,2903,1353,3062,1132,1159,1159,1174,1174,1195,1195,1225,1225,1257,1257,1275,1275,1314
when,0,1365,2910,1518,3068,1387,1422,1422,1449,1449,1465,1465,1504
a,0,1520,2927,1570,3085,1533,1559
man,0,1580,2926,1730,3084,1595,1640,1640,1670,1670,1714
coins,0,1739,2921,1892,3079,1745,1769,1769,1794,1794,1815,1815,1854,1854,1887
false,0,1900,2918,2043,3076,1909,1931,1931,1960,1960,1983,1983,2008,2008,2032
money,0,2048,2940,2229,3099,2057,2112,2112,2140,2140,2172,2172,2199,2199,2229
it,0,2236,2918,2325,3076,2261,2285,2285,2322
is,0,2327,2922,2382,3080,2330,2350,2350,2373
not,0,2388,2916,2553,3074,2398,2436,2436,2462,2462,2501
to,0,831,3098,894,3256,843,864,864,884
usurp,0,896,3119,1086,3277,912,945,945,975,975,1010,1010,1041,1041,1073
power,0,1100,3114,1316,3272,1111,1145,1145,1174,1174,1220,1220,1246,1246,1286
but,0,1321,3114,1423,3272,1329,1354,1354,1383,1383,1420
property,0,1425,3121,1685,3279,1440,1485,1485,1506,1506,1528,1528,1561,1561,1582,1582,1609,1609,1634,1634,1660
it,0,1698,3118,1771,3276,1708,1740,1740,1765
is,0,1775,3128,1839,3286,1776,1793,1793,1819
not,0,1839,3128,1942,3286,1842,1881,1881,1903,1903,1936
like,0,1951,3123,2076,3281,1960,1983,1983,2003,2003,2037,2037,2060
treason,0,2084,3123,2295,3281,2101,2132,2132,2152,2152,2173,2173,2203,2203,2233,2233,2259,2259,2289
the,0,2306,3123,2394,3281,2321,2342,2342,2359,2359,2377
crime,0,2400,3124,2571,3282,2410,2441,2441,2459,2459,2475,2475,2520,2520,2543
of,0,841,3319,904,3477,847,867,867,892
the,0,909,3305,1011,3463,926,944,944,965,965,986
courtier,0,1019,3318,1257,3476,1038,1069,1069,1092,1092,1127,1127,1152,1152,1173,1173,1190,1190,1211,1211,1244
or,0,1267,3332,1341,3490,1279,1301,1301,1328
of,0,1350,3333,1419,3491,1360,1379,1379,1403
the,0,1419,3323,1506,3482,1424,1444,1444,1463,1463,1486
soldier,0,1509,3320,1703,3478,1517,1543,1543,1565,1565,1581,1581,1612,1612,1631,1631,1654,1654,1688
or,0,1707,3341,1772,3499,1716,1737,1737,1766
of,0,1777,3340,1841,3498,1790,1809,1809,1838
the,0,1843,3329,1929,3487,1845,1868,1868,1886,1886,1907
lawyer,0,1933,3335,2169,3493,1949,1983,1983,2011,2011,2054,2054,2083,2083,2102,2102,2141
but,0,2171,3326,2270,3484,2175,2200,2200,2231,2231,2266
of,0,2272,3340,2338,3498,2287,2308,2308,2338
the,0,2342,3324,2430,3482,2351,2370,2370,2388,2388,2413
ar,0,2435,3326,2537,3484,2448,2483,2483,2507
tizan,0,837,3510,1033,3668,875,890,890,913,913,938,938,969,969,1000
it,0,1039,3514,1130,3672,1077,1092,1092,1117
is,0,1130,3522,1181,3680,1136,1153,1153,1175
a,0,1196,3530,1247,3688,1203,1229
crime,0,1255,3514,1420,3672,1258,1277,1277,1302,1302,1319,1319,1375,1375,1401
not,0,1423,3526,1532,3684,1434,1470,1470,1495,1495,1525
of,0,1538,3541,1605,3699,1548,1568,1568,1599
ambition,0,1608,3520,1840,3678,1610,1641,1641,1691,1691,1718,1718,1736,1736,1752,1752,1770,1770,1794,1794,1823
nor,0,1854,3538,1953,3696,1863,1896,1896,1920,1920,1943
of,0,1963,3539,2036,3698,1973,1995,1995,2023
conscience,0,2038,3526,2307,3684,2041,2057,2057,2082,2082,2114,2114,2146,2146,2161,2161,2178,2178,2200,2200,2239,2239,2261,2261,2290
but,0,2316,3519,2412,3677,2321,2342,2342,2370,2370,2403
of,0,2410,3533,2477,3691,2418,2439,2439,2464
ra,0,2451,3520,2568,3678,2467,2488,2488,2511
pacity,0,841,3713,1053,3871,869,900,900,930,930,951,951,970,970,994,994,1014
if,0,1066,3710,1141,3868,1082,1104,1104,1127
it,0,1142,3713,1206,3872,1146,1162,1162,1194
were,0,1213,3722,1327,3880,1217,1251,1251,1273,1273,1296,1296,1322
not,0,1333,3715,1460,3873,1348,1387,1387,1411,1411,1450
for,0,1444,3727,1560,3885,1472,1496,1496,1518,1518,1548
the,0,1566,3719,1700,3877,1573,1597,1597,1615,1615,1636
gain,0,1634,3737,1804,3895,1658,1691,1691,1720,1720,1738,1738,1772
a,0,1807,3734,1856,3892,1812,1836
man,0,1864,3727,2030,3885,1878,1933,1933,1961,1961,2003
could,0,2037,3714,2170,3872,2042,2060,2060,2082,2082,2112,2112,2138,2138,2156
have,0,2178,3720,2309,3878,2193,2218,2218,2246,2246,2280,2280,2302
no,0,2319,3726,2384,3884,2330,2359,2359,2381
motive,0,2391,3716,2561,3874,2398,2437,2437,2460,2460,2478,2478,2491,2491,2519,2519,2550
to,0,853,3871,922,4029,867,886,886,904
commit,0,922,3873,1168,4031,933,951,951,976,976,1026,1026,1076,1076,1101,1101,1144
it,0,1166,3878,1290,4036,1175,1192,1192,1224
a,0,1237,3819,1346,3977,1277,1308
10,0,135,33,219,191,142,167,167,204
c,0,1287,112,1390,270,1317,1369
22,1,69,104,192,262,85,118,118,154
hostility,1,748,470,987,628,754,786,786,814,814,841,841,860,860,877,877,902,902,922,922,945,945,974
to,1,1009,474,1070,632,1018,1038,1038,1057
other,1,1081,470,1227,628,1087,1116,1116,1137,1137,1159,1159,1181,1181,1212
states,1,1235,469,1407,628,1242,1274,1274,1286,1286,1316,1316,1340,1340,1362,1362,1391
have,1,1416,466,1596,624,1431,1467,1467,1505,1505,1545,1545,1577
a,1,1605,474,1651,632,1606,1638
tendency,1,1659,463,1935,621,1666,1694,1694,1717,1717,1760,1760,1789,1789,1820,1820,1856,1856,1883,1883,1929
to,1,1955,456,2022,614,1969,1989,1989,2013
bring,1,2040,457,2207,615,2050,2083,2083,2106,2106,2129,2129,2165,2165,2196
on,1,2209,462,2287,620,2215,2241,2241,2278
a,1,2294,464,2355,622,2299,2329
reta,1,2361,463,2485,621,2361,2384,2384,2408,2408,2431,2431,2454
liation,1,746,627,968,785,772,796,796,813,813,853,853,875,875,889,889,918,918,956
of,1,979,630,1066,788,998,1020,1020,1054
those,1,1066,619,1224,777,1078,1097,1097,1124,1124,1147,1147,1170,1170,1194
hostilities,1,1214,629,1511,787,1235,1266,1266,1298,1298,1325,1325,1336,1336,1355,1355,1374,1374,1396,1396,1417,1417,1435,1435,1459,1459,1495
on,1,1524,638,1596,796,1530,1555,1555,1590
ones,1,1607,630,1762,788,1616,1646,1646,1685,1685,1713,1713,1747
own,1,1772,642,1916,800,1779,1813,1813,1864,1864,1903
state,1,1925,627,2135,785,1933,1964,1964,1987,1987,2021,2021,2053,2053,2080
offences,1,888,793,1144,951,917,952,952,966,966,979,979,998,998,1036,1036,1063,1063,1087,1087,1123
of,1,1133,798,1248,956,1160,1183,1183,1224
the,1,1218,795,1338,953,1244,1261,1261,1285,1285,1313
former,1,1331,792,1579,951,1348,1376,1376,1409,1409,1432,1432,1489,1489,1517,1517,1549
class,1,1577,800,1744,958,1590,1613,1613,1636,1636,1666,1666,1693,1693,1720
may,1,1757,806,1914,964,1762,1823,1823,1855,1855,1902
all,1,1924,802,2040,960,1927,1957,1957,1988,1988,2022
be,1,2048,794,2127,952,2055,2085,2085,2109
comprised,1,2129,798,2453,956,2135,2159,2159,2177,2177,2228,2228,2266,2266,2294,2294,2315,2315,2342,2342,2367,2367,2420
under,1,740,938,931,1096,752,780,780,816,816,854,854,878,878,910
the,1,933,939,1038,1097,947,969,969,993,993,1018
head,1,1051,934,1203,1092,1064,1095,1095,1122,1122,1155,1155,1189
of,1,1201,946,1318,1104,1230,1253,1253,1298
treason,1,1288,944,1548,1102,1309,1324,1324,1355,1355,1381,1381,1414,1414,1447,1447,1473,1473,1512
those,1,901,1068,1101,1226,928,974,974,997,997,1019,1019,1047,1047,1074
of,1,1100,1084,1190,1242,1110,1131,1131,1166
the,1,1168,1083,1262,1241,1186,1199,1199,1224,1224,1246
latter,1,1268,1079,1444,1237,1280,1308,1308,1335,1335,1360,1360,1382,1382,1400,1400,1429
class,1,1450,1085,1624,1243,1462,1499,1499,1518,1518,1545,1545,1564,1564,1597
are,1,1624,1083,1724,1241,1627,1657,1657,1687,1687,1714
reducible,1,1724,1089,2009,1247,1736,1768,1768,1799,1799,1830,1830,1866,1866,1892,1892,1911,1911,1947,1947,1962,1962,1989
to,1,2018,1085,2079,1243,2023,2051,2051,2074
the,1,2088,1082,2194,1240,2098,2116,2116,2138,2138,2158
following,1,2157,1119,2468,1277,2190,2222,2222,2248,2248,2272,2272,2288,2288,2313,2313,2358,2358,2380,2380,2419,2419,2449
heads,1,742,1203,935,1362,751,781,781,808,808,843,843,879,879,907
1,1,751,1348,812,1506,762,790
offences,1,827,1344,1055,1502,842,881,881,899,899,910,910,932,932,964,964,984,984,1006,1006,1039
against,1,1048,1356,1298,1514,1054,1087,1087,1121,1121,1154,1154,1179,1179,1219,1219,1246,1246,1282
foreigners,1,1288,1352,1594,1510,1303,1332,1332,1357,1357,1376,1376,1401,1401,1423,1423,1449,1449,1486,1486,1509,1509,1541,1541,1573
at,1,1598,1367,1688,1525,1602,1630,1630,1676
large,1,1662,1381,1848,1539,1681,1705,1705,1736,1736,1764,1764,1790,1790,1817
among,1,1857,1391,2062,1549,1859,1898,1898,1956,1956,1988,1988,2023,2023,2053
which,1,2070,1385,2259,1543,2075,2117,2117,2152,2152,2170,2170,2196,2196,2244
piracy,1,2262,1389,2451,1547,2276,2304,2304,2319,2319,2345,2345,2376,2376,2399,2399,2442
stands,1,738,1503,933,1661,749,770,770,786,786,815,815,855,855,897,897,921
distinguished,1,931,1517,1351,1675,946,979,979,1002,1002,1033,1033,1049,1049,1069,1069,1110,1110,1139,1139,1173,1173,1197,1197,1233,1233,1262,1262,1289,1289,1338
by,1,1366,1529,1451,1687,1378,1408,1408,1434
a,1,1462,1529,1511,1687,1463,1490
particular,1,1503,1537,1831,1695,1519,1565,1565,1597,1597,1626,1626,1644,1644,1664,1664,1691,1691,1727,1727,1750,1750,1784,1784,1819
name,1,1840,1544,2088,1703,1847,1894,1894,1926,1926,1989,1989,2026
2,1,740,1649,824,1807,746,793
offences,1,846,1659,1085,1817,871,900,900,916,916,934,934,960,960,994,994,1014,1014,1039,1039,1074
against,1,1090,1686,1362,1844,1099,1137,1137,1172,1172,1206,1206,1228,1228,1270,1270,1302,1302,1345
foreigners,1,1362,1681,1668,1839,1369,1403,1403,1425,1425,1444,1444,1470,1470,1491,1491,1526,1526,1556,1556,1581,1581,1609,1609,1638
in,1,1657,1687,1740,1845,1672,1692,1692,1728
contempt,1,1744,1700,2057,1858,1752,1772,1772,1800,1800,1839,1839,1862,1862,1888,1888,1950,1950,1988,1988,2034
of,1,2027,1705,2112,1863,2039,2062,2062,2095
a,1,2092,1715,2135,1873,2097,2123
capitulation,1,2148,1722,2485,1880,2149,2174,2174,2205,2205,2239,2239,2259,2259,2277,2277,2309,2309,2332,2332,2361,2361,2381,2381,2399,2399,2425,2425,2459
3,1,738,1822,807,1980,744,783
against,1,844,1833,1120,1991,856,902,902,926,926,961,961,984,984,1031,1031,1059,1059,1096
foreign,1,1092,1832,1329,1990,1115,1152,1152,1179,1179,1197,1197,1222,1222,1244,1244,1279,1279,1313
enemies,1,1340,1841,1590,1999,1350,1375,1375,1403,1403,1430,1430,1488,1488,1508,1508,1535,1535,1568
in,1,1594,1857,1670,2015,1600,1620,1620,1658
contempt,1,1679,1858,1983,2016,1689,1710,1710,1732,1732,1773,1773,1792,1792,1816,1816,1871,1871,1907,1907,1954
of,1,1948,1874,2051,2032,1963,1992,1992,2029
a,1,2038,1885,2103,2043,2046,2075
pass,1,2109,1879,2264,2037,2121,2153,2153,2181,2181,2203,2203,2236
port,1,2240,1887,2383,2045,2257,2294,2294,2315,2315,2339,2339,2375
on,1,2390,1902,2464,2060,2393,2416,2416,2449
safe,1,827,1954,983,2112,855,887,887,915,915,942,942,965
conduct,1,994,1964,1237,2122,1003,1023,1023,1044,1044,1078,1078,1109,1109,1141,1141,1166,1166,1208
4,1,740,2117,825,2275,748,800
offences,1,855,2112,1081,2270,868,902,902,916,916,931,931,959,959,991,991,1010,1010,1033,1033,1062
against,1,1087,2121,1331,2279,1095,1128,1128,1159,1159,1193,1193,1217,1217,1253,1253,1286,1286,1313
foreign,1,1331,2116,1566,2275,1359,1380,1380,1410,1410,1434,1434,1456,1456,1476,1476,1504,1504,1537
enemies,1,1561,2119,1801,2277,1574,1599,1599,1631,1631,1651,1651,1709,1709,1733,1733,1760,1760,1792
in,1,1807,2127,1879,2285,1812,1834,1834,1867
contempt,1,1881,2142,2153,2300,1889,1910,1910,1934,1934,1968,1968,1986,1986,2006,2006,2068,2068,2104,2104,2141
of,1,2151,2140,2218,2298,2151,2174,2174,2203
a,1,2195,2144,2234,2302,2199,2226
flag,1,2233,2138,2401,2296,2265,2302,2302,2324,2324,2350,2350,2383
of,1,2398,2142,2473,2300,2406,2429,2429,2467
truce,1,843,2252,1059,2410,871,896,896,925,925,967,967,993,993,1021
5,1,718,2382,823,2541,741,797
offences,1,856,2395,1118,2554,889,929,929,941,941,951,951,976,976,1016,1016,1033,1033,1060,1060,1097
against,1,1112,2422,1360,2580,1125,1161,1161,1195,1195,1226,1226,1248,1248,1289,1289,1319,1319,1350
foreigners,1,1370,2419,1680,2577,1385,1415,1415,1441,1441,1461,1461,1485,1485,1510,1510,1535,1535,1568,1568,1590,1590,1627,1627,1662
in,1,1678,2412,1758,2570,1690,1711,1711,1745
contempt,1,1766,2426,2036,2584,1772,1789,1789,1815,1815,1856,1856,1873,1873,1897,1897,1955,1955,1988,1988,2019
of,1,2038,2435,2121,2593,2040,2066,2066,2104
the,1,2093,2430,2209,2588,2108,2122,2122,2154,2154,2180
privileges,1,2186,2442,2466,2600,2202,2245,2245,2264,2264,2284,2284,2311,2311,2335,2335,2348,2348,2372,2372,2399,2399,2425,2425,2452
of,1,861,2543,966,2701,887,908,908,946
foreign,1,950,2543,1170,2701,979,1010,1010,1036,1036,1056,1056,1079,1079,1100,1100,1131,1131,1164
ministers,1,1184,2553,1526,2711,1209,1265,1265,1284,1284,1326,1326,1346,1346,1378,1378,1398,1398,1425,1425,1458,1458,1493
6,1,740,2713,840,2871,756,810
acts,1,904,2722,1087,2880,937,985,985,1010,1010,1034,1034,1065
which,1,1100,2733,1296,2891,1109,1152,1152,1185,1185,1210,1210,1234,1234,1279
in,1,1300,2744,1380,2902,1308,1329,1329,1360
a,1,1389,2754,1455,2912,1401,1442
member,1,1456,2757,1724,2915,1464,1529,1529,1557,1557,1613,1613,1644,1644,1674,1674,1710
of,1,1716,2769,1815,2927,1736,1764,1764,1798
the,1,1800,2758,1913,2916,1810,1827,1827,1857,1857,1885
foreign,1,1887,2762,2123,2920,1903,1933,1933,1954,1954,1977,1977,2001,2001,2029,2029,2066,2066,2101
state,1,2123,2765,2286,2923,2132,2159,2159,2177,2177,2207,2207,2233,2233,2258
would,1,2278,2749,2470,2907,2284,2332,2332,2366,2366,2406,2406,2428,2428,2457
be,1,909,2868,1021,3026,940,968,968,989
treasonable,1,1030,2872,1403,3030,1039,1057,1057,1088,1088,1112,1112,1155,1155,1183,1183,1211,1211,1253,1253,1294,1294,1333,1333,1356,1356,1386
offences,1,1416,2892,1689,3050,1431,1464,1464,1483,1483,1497,1497,1520,1520,1565,1565,1589,1589,1618,1618,1650
7,1,740,3019,810,3177,748,793
acts,1,909,3016,1080,3174,940,981,981,1004,1004,1026,1026,1055
which,1,1089,3025,1276,3183,1096,1138,1138,1174,1174,1194,1194,1217,1217,1262
are,1,1287,3048,1398,3206,1291,1323,1323,1349,1349,1377
detrimental,1,1409,3046,1787,3204,1413,1451,1451,1477,1477,1495,1495,1528,1528,1555,1555,1608,1608,1641,1641,1678,1678,1700,1700,1732,1732,1773
in,1,1800,3054,1869,3212,1801,1820,1820,1855
an,1,1887,3066,1967,3224,1889,1919,1919,1961
inferior,1,1981,3059,2218,3217,1984,2007,2007,2050,2050,2071,2071,2090,2090,2117,2117,2147,2147,2173,2173,2204
degree,1,2213,3056,2400,3214,2221,2256,2256,2280,2280,2308,2308,2333,2333,2354,2354,2378
to,1,2407,3049,2480,3207,2408,2425,2425,2447
a,1,926,3160,995,3318,948,975
foreign,1,981,3166,1226,3324,1011,1041,1041,1067,1067,1087,1087,1114,1114,1137,1137,1171,1171,1210
state,1,1249,3173,1444,3332,1256,1282,1282,1302,1302,1329,1329,1358,1358,1386
of,1,1058,3370,1206,3528,1095,1139,1139,1184
the,1,1201,3370,1307,3528,1218,1240,1240,1262,1262,1287
above,1,1315,3375,1492,3533,1316,1346,1346,1379,1379,1410,1410,1439,1439,1469
offences,1,1478,3376,1712,3535,1501,1527,1527,1544,1544,1560,1560,1580,1580,1616,1616,1638,1638,1663,1663,1698
such,1,1720,3382,1858,3540,1724,1750,1750,1778,1778,1803,1803,1847
as,1,1870,3396,1949,3555,1875,1908,1908,1941
all,1,1964,3392,2093,3551,1966,1996,1996,2035,2035,2072
or,1,2098,3392,2170,3550,2104,2127,2127,2162
most,1,2175,3379,2340,3537,2180,2235,2235,2263,2263,2289,2289,2322
nati,1,2304,3375,2478,3533,2324,2356,2356,2390,2390,2413,2413,2429
ons,1,741,3549,876,3707,770,798,798,835,835,870
are,1,892,3558,1009,3716,902,933,933,962,962,991
understood,1,1021,3555,1333,3713,1021,1056,1056,1102,1102,1134,1134,1162,1162,1190,1190,1218,1218,1236,1236,1256,1256,1287,1287,1323
to,1,1343,3554,1421,3712,1348,1369,1369,1391
concur,1,1415,3568,1621,3726,1421,1442,1442,1463,1463,1503,1503,1525,1525,1565,1565,1608
in,1,1635,3556,1707,3714,1639,1658,1658,1690
punishing,1,1706,3563,2026,3721,1722,1755,1755,1792,1792,1830,1830,1852,1852,1883,1883,1914,1914,1931,1931,1968,1968,1997
are,1,2015,3566,2132,3724,2024,2053,2053,2085,2085,2113
commonly,1,2133,3557,2420,3716,2135,2155,2155,2182,2182,2235,2235,2288,2288,2312,2312,2345,2345,2380,2380,2402
stiled,1,735,3686,913,3844,748,776,776,794,794,811,811,832,832,857,857,903
offences,1,920,3692,1141,3850,942,971,971,984,984,996,996,1019,1019,1054,1054,1072,1072,1100,1100,1129
against,1,1147,3704,1396,3862,1165,1197,1197,1226,1226,1254,1254,1278,1278,1321,1321,1353,1353,1379
the,1,1407,3692,1509,3850,1419,1440,1440,1465,1465,1491
law,1,1513,3680,1660,3838,1526,1569,1569,1603,1603,1651
of,1,1667,3703,1749,3861,1683,1707,1707,1739
nations,1,1758,3691,2044,3849,1794,1826,1826,1863,1863,1888,1888,1905,1905,1935,1935,1972,1972,2011
offences,1,780,271,1080,429,800,846,846,861,861,876,876,907,907,951,951,981,981,1010,1010,1057
against,1,1059,269,1354,427,1076,1114,1114,1149,1149,1184,1184,1215,1215,1263,1263,1291,1291,1334
the,1,1359,244,1485,402,1384,1407,1407,1436,1436,1463
external,1,1495,238,1833,396,1500,1532,1532,1579,1579,1603,1603,1638,1638,1668,1668,1716,1716,1758,1758,1820
security,1,1826,232,2133,390,1847,1877,1877,1907,1907,1930,1930,1977,1977,2012,2012,2044,2044,2076,2076,2112
of,1,2121,236,2237,394,2142,2170,2170,2199
the,1,2183,239,2287,397,2200,2219,2219,2241,2241,2265
state,1,2294,227,2482,385,2312,2346,2346,2370,2370,2408,2408,2431,2431,2462
c,1,1350,80,1450,238,1372,1420
3,2,774,186,853,344,791,830
each,2,868,166,1009,324,887,907,907,937,937,956,956,994
prisoner,2,1018,162,1276,320,1040,1079,1079,1108,1108,1122,1122,1153,1153,1174,1174,1205,1205,1229,1229,1262
is,2,1282,158,1366,316,1294,1317,1317,1354
to,2,1373,164,1438,322,1386,1409,1409,1431
be,2,1446,158,1518,316,1454,1480,1480,1509
kept,2,1530,163,1718,322,1546,1585,1585,1616,1616,1649,1649,1682
in,2,1702,171,1792,329,1713,1736,1736,1776
a,2,1809,173,1877,331,1822,1856
state,2,1880,168,2033,326,1888,1922,1922,1935,1935,1966,1966,1984,1984,2009
of,2,2044,177,2142,335,2058,2083,2083,2125
constant,2,2128,165,2392,323,2141,2158,2158,2183,2183,2217,2217,2246,2246,2269,2269,2293,2293,2334,2334,2368
neatness,2,2373,182,2626,340,2391,2430,2430,2452,2452,2481,2481,2502,2502,2534,2534,2559,2559,2576,2576,2608
and,2,713,321,838,479,728,762,762,797,797,822
tightness,2,840,323,1093,481,851,861,861,879,879,918,918,946,946,969,969,1002,1002,1035,1035,1047,1047,1077
and,2,1109,312,1229,470,1120,1155,1155,1188,1188,1217
to,2,1241,305,1316,463,1253,1271,1271,1293
that,2,1309,307,1458,465,1320,1336,1336,1370,1370,1403,1403,1430
purpose,2,1450,324,1708,482,1471,1507,1507,1536,1536,1561,1561,1607,1607,1641,1641,1664,1664,1694
shall,2,1702,298,1881,456,1714,1743,1743,1780,1780,1813,1813,1840,1840,1869
be,2,1876,293,1962,451,1892,1923,1923,1954
supplied,2,1962,305,2236,463,1974,2005,2005,2037,2037,2074,2074,2113,2113,2136,2136,2155,2155,2171,2171,2218
at,2,2224,293,2332,451,2248,2283,2283,2315
least,2,2340,291,2489,449,2343,2365,2365,2393,2393,2425,2425,2456,2456,2480
once,2,2480,295,2605,453,2483,2506,2506,2535,2535,2557,2557,2581
a,2,717,458,774,616,733,771
year,2,785,468,930,627,794,835,835,855,855,886,886,916
with,2,946,446,1088,604,956,994,994,1013,1013,1028,1028,1063
one,2,1089,458,1202,616,1109,1134,1134,1165,1165,1188
compleat,2,1208,457,1494,616,1224,1243,1243,1271,1271,1328,1328,1368,1368,1385,1385,1407,1407,1441,1441,1469
suit,2,1492,440,1624,598,1506,1537,1537,1565,1565,1581,1581,1607
of,2,1618,445,1713,603,1626,1649,1649,1682
such,2,1696,432,1845,590,1708,1738,1738,1763,1763,1779,1779,1820
cloaths,2,1837,434,2028,592,1842,1865,1865,1887,1887,1910,1910,1933,1933,1951,1951,1978,1978,2010
as,2,2033,441,2125,599,2043,2076,2076,2106
shall,2,2134,430,2302,588,2149,2179,2179,2211,2211,2243,2243,2267,2267,2294
be,2,2306,433,2378,591,2314,2344,2344,2373
allotted,2,2376,438,2589,596,2387,2414,2414,2437,2437,2451,2451,2474,2474,2496,2496,2511,2511,2534,2534,2557
and,2,716,592,840,750,730,761,761,791,791,817
with,2,834,583,958,741,843,876,876,891,891,907,907,938
a,2,952,585,1033,743,967,998
clean,2,1017,583,1208,742,1038,1064,1064,1083,1083,1100,1100,1134,1134,1179
shirt,2,1197,579,1381,737,1213,1244,1244,1275,1275,1291,1291,1318,1318,1355
at,2,1385,572,1489,730,1399,1423,1423,1454
least,2,1489,573,1672,731,1502,1527,1527,1550,1550,1580,1580,1609,1609,1643
twice,2,1654,571,1810,729,1671,1685,1685,1726,1726,1740,1740,1756,1756,1783
in,2,1808,566,1894,724,1814,1836,1836,1875
every,2,1896,590,2045,748,1902,1928,1928,1957,1957,1979,1979,2004,2004,2037
week,2,2049,566,2194,724,2057,2097,2097,2117,2117,2142,2142,2180
be,2,1410,672,1492,830,1424,1453,1453,1480
4,2,774,721,850,879,788,815
each,2,858,716,996,874,872,901,901,928,928,943,943,982
prisoner,2,1006,717,1290,875,1045,1077,1077,1106,1106,1125,1125,1150,1150,1171,1171,1208,1208,1232,1232,1268
shall,2,1289,711,1446,869,1299,1330,1330,1362,1362,1390,1390,1405,1405,1430
be,2,1423,673,1485,831,1426,1454,1454,1481
constantly,2,1446,721,1707,879,1453,1472,1472,1494,1494,1526,1526,1556,1556,1573,1573,1607,1607,1638,1638,1654,1654,1669,1669,1699
supplied,2,1777,715,2056,873,1793,1821,1821,1850,1850,1887,1887,1927,1927,1950,1950,1965,1965,1989,1989,2040
with,2,2046,704,2185,862,2064,2097,2097,2115,2115,2135,2135,2167
a,2,2185,712,2242,870,2190,2223
separate,2,2242,721,2542,879,2256,2291,2291,2319,2319,2362,2362,2399,2399,2428,2428,2467,2467,2484,2484,2523
bed,2,730,855,856,1013,742,771,771,792,792,834
and,2,842,859,981,1017,856,890,890,927,927,957
bedding,2,985,872,1228,1030,991,1026,1026,1048,1048,1087,1087,1111,1111,1129,1129,1165,1165,1209
competent,2,1233,861,1564,1020,1255,1273,1273,1301,1301,1366,1366,1403,1403,1426,1426,1447,1447,1472,1472,1513,1513,1540
to,2,1560,852,1648,1010,1582,1602,1602,1622
his,2,1636,845,1762,1003,1655,1693,1693,1713,1713,1749
situation,2,1760,845,2018,1003,1777,1803,1803,1823,1823,1838,1838,1875,1875,1910,1910,1924,1924,1946,1946,1969,1969,2007
and,2,2029,841,2157,999,2041,2076,2076,2116,2116,2149
kept,2,2165,841,2318,999,2176,2211,2211,2236,2236,2279,2279,2308
in,2,2306,845,2405,1003,2325,2348,2348,2389
a,2,2408,846,2485,1004,2414,2455
state,2,708,990,866,1148,728,758,758,776,776,807,807,825,825,848
of,2,872,995,972,1153,881,907,907,947
constant,2,957,993,1217,1151,969,988,988,1017,1017,1054,1054,1083,1083,1101,1101,1129,1129,1172,1172,1201
cleanliness,2,1216,1005,1542,1163,1233,1254,1254,1279,1279,1301,1301,1333,1333,1368,1368,1384,1384,1407,1407,1445,1445,1475,1475,1491,1491,1524
the,2,1573,983,1692,1142,1596,1617,1617,1652,1652,1678
sheeting,2,1706,985,1949,1144,1719,1746,1746,1783,1783,1804,1804,1822,1822,1834,1834,1853,1853,1892,1892,1937
being,2,1954,993,2120,1151,1967,1995,1995,2020,2020,2033,2033,2065,2065,2107
changed,2,2125,986,2360,1144,2138,2167,2167,2204,2204,2237,2237,2274,2274,2305,2305,2328,2328,2353
at,2,2366,969,2442,1127,2372,2401,2401,2423
least,2,2452,972,2606,1130,2458,2482,2482,2501,2501,2532,2532,2554,2554,2585
once,2,714,1132,849,1290,728,755,755,785,785,801,801,830
in,2,849,1124,932,1282,856,878,878,917
every,2,937,1135,1090,1293,942,966,966,997,997,1018,1018,1041,1041,1072
fortnight,2,1073,1133,1380,1291,1095,1117,1117,1145,1145,1171,1171,1194,1194,1229,1229,1249,1249,1285,1285,1315,1315,1353
5,2,766,1263,836,1421,784,807
the,2,850,1254,974,1412,865,897,897,923,923,947
prison,2,964,1255,1182,1414,993,1027,1027,1050,1050,1067,1067,1097,1097,1120,1120,1155
shall,2,1176,1258,1368,1416,1199,1230,1230,1261,1261,1297,1297,1321,1321,1347
be,2,1361,1251,1449,1409,1382,1415,1415,1441
warmed,2,1461,1251,1704,1409,1473,1508,1508,1542,1542,1568,1568,1631,1631,1660,1660,1688
in,2,1710,1246,1801,1404,1723,1743,1743,1784
every,2,1800,1259,1954,1417,1809,1833,1833,1858,1858,1881,1881,1907,1907,1939
part,2,1948,1247,2141,1405,1967,2013,2013,2050,2050,2080,2080,2116
whenever,2,2150,1236,2414,1394,2157,2197,2197,2231,2231,2255,2255,2291,2291,2318,2318,2348,2348,2374,2374,2404
the,2,2422,1234,2546,1392,2434,2457,2457,2493,2493,2518
season,2,706,1400,912,1559,727,752,752,776,776,807,807,836,836,864,864,905
renders,2,917,1396,1133,1554,919,952,952,977,977,1009,1009,1042,1042,1064,1064,1090,1090,1124
it,2,1146,1391,1229,1549,1158,1184,1184,1211
necessary,2,1233,1409,1524,1568,1244,1289,1289,1312,1312,1325,1325,1356,1356,1374,1374,1403,1403,1431,1431,1461,1461,1494
and,2,1526,1391,1665,1549,1529,1567,1567,1601,1601,1645
lighted,2,1664,1391,1885,1549,1674,1689,1689,1706,1706,1743,1743,1782,1782,1796,1796,1816,1816,1874
at,2,1870,1381,1980,1540,1887,1923,1923,1951
the,2,1993,1371,2101,1529,2007,2026,2026,2062,2062,2086
proposers,2,2108,1378,2396,1536,2132,2166,2166,2196,2196,2223,2223,2256,2256,2283,2283,2303,2303,2323,2323,2350,2350,2380
expence,2,2390,1378,2600,1536,2401,2425,2425,2457,2457,2490,2490,2514,2514,2550,2550,2567,2567,2591
6,2,785,1526,853,1684,803,830
no,2,864,1519,981,1677,897,932,932,955
prisoner,2,981,1524,1232,1682,999,1029,1029,1056,1056,1076,1076,1102,1102,1125,1125,1158,1158,1181,1181,1212
